index	scenario_id	compound_id	compound_name	smiles	canonicalize_smiles	halflife	halflife_unit	halflife_model	halflife_comment	rateconstant	rateconstant_unit	rateconstant_comment	reaction_order	acidity	acidity_unit	temperature	temperature_unit	original_sludge_amount	original_sludge_amount_unit	sludge_retention_time	sludge_retention_time_unit	sludge_retention_time_type	total_suspended_solids_concentration_start	total_suspended_solids_concentration_end	total_suspended_solids_concentration_unit	addition_of_nutrients	biological_treatment_technology	bioreactor_type	bioreactor_value	bioreactor_value_unit	nitrogen_content_type	nitrogen_content_influent	oxygen_demand_type	oxygen_demand_value	oxygen_uptake_rate	oxygen_uptake_rate_unit	phosphorus_content	redox	source_of_liquid_matrix	type_of_addition	type_of_aeration	inoculum_source	location	purpose_of_wwtp
1	https://envipath.org/package/8d3d7ca2-ae4e-4779-a6a2-d3539237c439/scenario/0f5ca6d6-9aa7-40e8-8249-389cf6c49bda	https://envipath.org/package/8d3d7ca2-ae4e-4779-a6a2-d3539237c439/compound/350c7ee8-f918-4eaa-ade2-144ccb0746c1/structure/19784f71-07a0-455d-b540-9bef27baaa5d	2,4-D	C1=C(C=C(C(=C1)OCC(=O)O)Cl)Cl	O=C(O)COc1ccc(Cl)cc1Cl					0.135	1 / day	no comment	First order	7.5	pH	20.0	℃	28.8	mL				0.95	0.95	g/L			bottle	100.0	mL								aerob		spiking in solvent	shaking	center of each aeration basin	New York State	
2	https://envipath.org/package/8d3d7ca2-ae4e-4779-a6a2-d3539237c439/scenario/8433f64c-2b51-4f2e-96cd-d6dfef68359b	https://envipath.org/package/8d3d7ca2-ae4e-4779-a6a2-d3539237c439/compound/350c7ee8-f918-4eaa-ade2-144ccb0746c1/structure/19784f71-07a0-455d-b540-9bef27baaa5d	2,4-D	C1=C(C=C(C(=C1)OCC(=O)O)Cl)Cl	O=C(O)COc1ccc(Cl)cc1Cl					0.19	1 / day	no comment	First order	7.3	pH	20.0	℃	28.8	mL				3.49	3.49	g/L			bottle	100.0	mL								aerob		spiking in solvent	shaking	center of each aeration basin	New York State	
3	https://envipath.org/package/8d3d7ca2-ae4e-4779-a6a2-d3539237c439/scenario/66b2cdb2-41ca-4d9b-9a86-6d360cd3e2bb	https://envipath.org/package/8d3d7ca2-ae4e-4779-a6a2-d3539237c439/compound/350c7ee8-f918-4eaa-ade2-144ccb0746c1/structure/19784f71-07a0-455d-b540-9bef27baaa5d	2,4-D	C1=C(C=C(C(=C1)OCC(=O)O)Cl)Cl	O=C(O)COc1ccc(Cl)cc1Cl					0.089	1 / day	no comment	First order	7.5	pH	20.0	℃	28.8	mL				1.02	1.02	g/L			bottle	100.0	mL								aerob		spiking in solvent	shaking	center of each aeration basin	New York State	
4	https://envipath.org/package/8d3d7ca2-ae4e-4779-a6a2-d3539237c439/scenario/8e8cd1c2-0d7a-4ec8-936d-b87747d15ee1	https://envipath.org/package/8d3d7ca2-ae4e-4779-a6a2-d3539237c439/compound/5793c9e0-56a2-4bc5-bc20-780f91bee8b1/structure/60cc9df2-f09c-4747-b931-0f2a0656efc0	2,6-Dimethoxyphenol	COC1=CC=CC(=C1O)OC	COc1cccc(OC)c1O					4.65	1 / day	no comment	First order	7.5	pH	20.0	℃	28.8	mL				0.95	0.95	g/L			bottle	100.0	mL								aerob		spiking in solvent	shaking	center of each aeration basin	New York State	
5	https://envipath.org/package/8d3d7ca2-ae4e-4779-a6a2-d3539237c439/scenario/e3488601-2443-4336-b90b-1caf1d3e2ce4	https://envipath.org/package/8d3d7ca2-ae4e-4779-a6a2-d3539237c439/compound/5793c9e0-56a2-4bc5-bc20-780f91bee8b1/structure/60cc9df2-f09c-4747-b931-0f2a0656efc0	2,6-Dimethoxyphenol	COC1=CC=CC(=C1O)OC	COc1cccc(OC)c1O					2.3	1 / day	no comment	First order	7.5	pH	20.0	℃	28.8	mL				1.02	1.02	g/L			bottle	100.0	mL								aerob		spiking in solvent	shaking	center of each aeration basin	New York State	
6	https://envipath.org/package/8d3d7ca2-ae4e-4779-a6a2-d3539237c439/scenario/a45d3c54-2902-4763-9b91-dfcc514a0324	https://envipath.org/package/8d3d7ca2-ae4e-4779-a6a2-d3539237c439/compound/5793c9e0-56a2-4bc5-bc20-780f91bee8b1/structure/60cc9df2-f09c-4747-b931-0f2a0656efc0	2,6-Dimethoxyphenol	COC1=CC=CC(=C1O)OC	COc1cccc(OC)c1O					7.5	1 / day	no comment	First order	7.3	pH	20.0	℃	28.8	mL				3.49	3.49	g/L			bottle	100.0	mL								aerob		spiking in solvent	shaking	center of each aeration basin	New York State	
7	https://envipath.org/package/8d3d7ca2-ae4e-4779-a6a2-d3539237c439/scenario/0fcb7383-c68e-4e9d-a85b-7ffc0cfdf339	https://envipath.org/package/8d3d7ca2-ae4e-4779-a6a2-d3539237c439/compound/a71ba84f-c5ec-4f22-8d02-0b6e5e4614fc/structure/c1970bc2-e5bf-42df-9b69-d2acc0dac7b1	2-Acrylamido-2-methyl-1-propanesulfonic acid (AMPA)	C=CC(=O)NC(C)(C)CS(=O)(=O)O	C=CC(=O)NC(C)(C)CS(=O)(=O)O					0.16	1 / day	no comment	First order	7.5	pH	20.0	℃	28.8	mL				1.02	1.02	g/L			bottle	100.0	mL								aerob		spiking in solvent	shaking	center of each aeration basin	New York State	
8	https://envipath.org/package/8d3d7ca2-ae4e-4779-a6a2-d3539237c439/scenario/b6bb3f99-9518-4978-8790-6dba67c2927b	https://envipath.org/package/8d3d7ca2-ae4e-4779-a6a2-d3539237c439/compound/a71ba84f-c5ec-4f22-8d02-0b6e5e4614fc/structure/c1970bc2-e5bf-42df-9b69-d2acc0dac7b1	2-Acrylamido-2-methyl-1-propanesulfonic acid (AMPA)	C=CC(=O)NC(C)(C)CS(=O)(=O)O	C=CC(=O)NC(C)(C)CS(=O)(=O)O					0.039	1 / day	no comment	First order	7.3	pH	20.0	℃	28.8	mL				3.49	3.49	g/L			bottle	100.0	mL								aerob		spiking in solvent	shaking	center of each aeration basin	New York State	
9	https://envipath.org/package/8d3d7ca2-ae4e-4779-a6a2-d3539237c439/scenario/76c5712c-ed1b-4d6e-8342-ca3b0dd0e100	https://envipath.org/package/8d3d7ca2-ae4e-4779-a6a2-d3539237c439/compound/a71ba84f-c5ec-4f22-8d02-0b6e5e4614fc/structure/c1970bc2-e5bf-42df-9b69-d2acc0dac7b1	2-Acrylamido-2-methyl-1-propanesulfonic acid (AMPA)	C=CC(=O)NC(C)(C)CS(=O)(=O)O	C=CC(=O)NC(C)(C)CS(=O)(=O)O					0.103	1 / day	no comment	First order	7.5	pH	20.0	℃	28.8	mL				0.95	0.95	g/L			bottle	100.0	mL								aerob		spiking in solvent	shaking	center of each aeration basin	New York State	
10	https://envipath.org/package/8d3d7ca2-ae4e-4779-a6a2-d3539237c439/scenario/42198d55-0713-4cbf-8c2e-08e79e887765	https://envipath.org/package/8d3d7ca2-ae4e-4779-a6a2-d3539237c439/compound/c3abb10d-c3d0-40a3-9a6a-065bc3172713/structure/b6f81a92-aa0b-4299-8c4a-cea2bd17a843	2-Ethyl-2-phenylmalonamide (EPMM)	CCC(C1=CC=CC=C1)(C(=O)N)C(=O)N	CCC(C(N)=O)(C(N)=O)c1ccccc1					0.00165	1 / day	no comment	First order	7.3	pH	20.0	℃	28.8	mL				3.49	3.49	g/L			bottle	100.0	mL								aerob		spiking in solvent	shaking	center of each aeration basin	New York State	
11	https://envipath.org/package/8d3d7ca2-ae4e-4779-a6a2-d3539237c439/scenario/e1da4bce-de09-45a6-b0b8-db0bf8c14008	https://envipath.org/package/8d3d7ca2-ae4e-4779-a6a2-d3539237c439/compound/c3abb10d-c3d0-40a3-9a6a-065bc3172713/structure/b6f81a92-aa0b-4299-8c4a-cea2bd17a843	2-Ethyl-2-phenylmalonamide (EPMM)	CCC(C1=CC=CC=C1)(C(=O)N)C(=O)N	CCC(C(N)=O)(C(N)=O)c1ccccc1					0.019	1 / day	no comment	First order	7.5	pH	20.0	℃	28.8	mL				1.02	1.02	g/L			bottle	100.0	mL								aerob		spiking in solvent	shaking	center of each aeration basin	New York State	
12	https://envipath.org/package/8d3d7ca2-ae4e-4779-a6a2-d3539237c439/scenario/e4bb59b8-d69e-4235-99da-b829b516dce5	https://envipath.org/package/8d3d7ca2-ae4e-4779-a6a2-d3539237c439/compound/c3abb10d-c3d0-40a3-9a6a-065bc3172713/structure/b6f81a92-aa0b-4299-8c4a-cea2bd17a843	2-Ethyl-2-phenylmalonamide (EPMM)	CCC(C1=CC=CC=C1)(C(=O)N)C(=O)N	CCC(C(N)=O)(C(N)=O)c1ccccc1					0.024	1 / day	no comment	First order	7.5	pH	20.0	℃	28.8	mL				0.95	0.95	g/L			bottle	100.0	mL								aerob		spiking in solvent	shaking	center of each aeration basin	New York State	
13	https://envipath.org/package/8d3d7ca2-ae4e-4779-a6a2-d3539237c439/scenario/550a147a-1fca-45c7-937a-4c4cd006269e	https://envipath.org/package/8d3d7ca2-ae4e-4779-a6a2-d3539237c439/compound/f8c1b7ec-707a-4974-9787-abef50dcc7c3/structure/14c18e70-bfd3-452f-a6b5-5ad52a0235ef	Acetaminophen	CC(=O)NC1=CC=C(C=C1)O	CC(=O)Nc1ccc(O)cc1					30.0	1 / day	>	First order	7.5	pH	20.0	℃	28.8	mL				1.02	1.02	g/L			bottle	100.0	mL								aerob		spiking in solvent	shaking	center of each aeration basin	New York State	
14	https://envipath.org/package/8d3d7ca2-ae4e-4779-a6a2-d3539237c439/scenario/275e49d1-1c0e-48de-9502-fb820bd34d9c	https://envipath.org/package/8d3d7ca2-ae4e-4779-a6a2-d3539237c439/compound/f8c1b7ec-707a-4974-9787-abef50dcc7c3/structure/14c18e70-bfd3-452f-a6b5-5ad52a0235ef	Acetaminophen	CC(=O)NC1=CC=C(C=C1)O	CC(=O)Nc1ccc(O)cc1					30.0	1 / day	>	First order	7.5	pH	20.0	℃	28.8	mL				0.95	0.95	g/L			bottle	100.0	mL								aerob		spiking in solvent	shaking	center of each aeration basin	New York State	
15	https://envipath.org/package/8d3d7ca2-ae4e-4779-a6a2-d3539237c439/scenario/d0a9b543-79bc-4e6f-95e2-409a9a55d255	https://envipath.org/package/8d3d7ca2-ae4e-4779-a6a2-d3539237c439/compound/f8c1b7ec-707a-4974-9787-abef50dcc7c3/structure/14c18e70-bfd3-452f-a6b5-5ad52a0235ef	Acetaminophen	CC(=O)NC1=CC=C(C=C1)O	CC(=O)Nc1ccc(O)cc1					30.0	1 / day	>	First order	7.3	pH	20.0	℃	28.8	mL				3.49	3.49	g/L			bottle	100.0	mL								aerob		spiking in solvent	shaking	center of each aeration basin	New York State	
16	https://envipath.org/package/8d3d7ca2-ae4e-4779-a6a2-d3539237c439/scenario/b4e91931-4f6a-41ec-aedf-d42ac53f8789	https://envipath.org/package/8d3d7ca2-ae4e-4779-a6a2-d3539237c439/compound/88fa2d22-2eb8-40c3-8c01-b1eb85e8b629/structure/5e4ee4d8-df36-4a85-8fe5-5416c268748f	Albuterol	CC(C)(C)NCC(C1=CC=C(C(=C1)CO)O)O	CC(C)(C)NCC(O)c1ccc(O)c(CO)c1					0.75	1 / day	no comment	First order	7.3	pH	20.0	℃	28.8	mL				3.49	3.49	g/L			bottle	100.0	mL								aerob		spiking in solvent	shaking	center of each aeration basin	New York State	
17	https://envipath.org/package/8d3d7ca2-ae4e-4779-a6a2-d3539237c439/scenario/3a540ed2-5d8d-4d5f-b119-015abf853491	https://envipath.org/package/8d3d7ca2-ae4e-4779-a6a2-d3539237c439/compound/88fa2d22-2eb8-40c3-8c01-b1eb85e8b629/structure/5e4ee4d8-df36-4a85-8fe5-5416c268748f	Albuterol	CC(C)(C)NCC(C1=CC=C(C(=C1)CO)O)O	CC(C)(C)NCC(O)c1ccc(O)c(CO)c1					0.11	1 / day	no comment	First order	7.5	pH	20.0	℃	28.8	mL				0.95	0.95	g/L			bottle	100.0	mL								aerob		spiking in solvent	shaking	center of each aeration basin	New York State	
18	https://envipath.org/package/8d3d7ca2-ae4e-4779-a6a2-d3539237c439/scenario/0f5291be-bc51-436d-adb7-92d5fa221995	https://envipath.org/package/8d3d7ca2-ae4e-4779-a6a2-d3539237c439/compound/88fa2d22-2eb8-40c3-8c01-b1eb85e8b629/structure/5e4ee4d8-df36-4a85-8fe5-5416c268748f	Albuterol	CC(C)(C)NCC(C1=CC=C(C(=C1)CO)O)O	CC(C)(C)NCC(O)c1ccc(O)c(CO)c1					0.16999999999999998	1 / day	no comment	First order	7.5	pH	20.0	℃	28.8	mL				1.02	1.02	g/L			bottle	100.0	mL								aerob		spiking in solvent	shaking	center of each aeration basin	New York State	
19	https://envipath.org/package/8d3d7ca2-ae4e-4779-a6a2-d3539237c439/scenario/debe5e0d-8222-4b37-8761-1384e332b49e	https://envipath.org/package/8d3d7ca2-ae4e-4779-a6a2-d3539237c439/compound/b2810ed2-b577-45c9-b6af-5fb5a2e3b67e/structure/94351860-5231-4b4c-b27e-382db9af9903	Amitriptyline	CN(C)CC/C=C/1\C2=C(C=CC=C2)CCC3=C1C=CC=C3	CN(C)CCC=C1c2ccccc2CCc2ccccc21					5.75	1 / day	no comment	First order	7.5	pH	20.0	℃	28.8	mL				0.95	0.95	g/L			bottle	100.0	mL								aerob		spiking in solvent	shaking	center of each aeration basin	New York State	
20	https://envipath.org/package/8d3d7ca2-ae4e-4779-a6a2-d3539237c439/scenario/033007ad-a20f-4ea7-a65c-1dd09a55b8f9	https://envipath.org/package/8d3d7ca2-ae4e-4779-a6a2-d3539237c439/compound/b2810ed2-b577-45c9-b6af-5fb5a2e3b67e/structure/94351860-5231-4b4c-b27e-382db9af9903	Amitriptyline	CN(C)CC/C=C/1\C2=C(C=CC=C2)CCC3=C1C=CC=C3	CN(C)CCC=C1c2ccccc2CCc2ccccc21					5.6	1 / day	no comment	First order	7.5	pH	20.0	℃	28.8	mL				1.02	1.02	g/L			bottle	100.0	mL								aerob		spiking in solvent	shaking	center of each aeration basin	New York State	
21	https://envipath.org/package/8d3d7ca2-ae4e-4779-a6a2-d3539237c439/scenario/ff98fcbc-364d-4898-9ef8-2906e4dd5b43	https://envipath.org/package/8d3d7ca2-ae4e-4779-a6a2-d3539237c439/compound/b2810ed2-b577-45c9-b6af-5fb5a2e3b67e/structure/94351860-5231-4b4c-b27e-382db9af9903	Amitriptyline	CN(C)CC/C=C/1\C2=C(C=CC=C2)CCC3=C1C=CC=C3	CN(C)CCC=C1c2ccccc2CCc2ccccc21					21.0	1 / day	no comment	First order	7.3	pH	20.0	℃	28.8	mL				3.49	3.49	g/L			bottle	100.0	mL								aerob		spiking in solvent	shaking	center of each aeration basin	New York State	
22	https://envipath.org/package/8d3d7ca2-ae4e-4779-a6a2-d3539237c439/scenario/28d1b8c7-ea58-48a4-9ded-f00e86d76622	https://envipath.org/package/8d3d7ca2-ae4e-4779-a6a2-d3539237c439/compound/4a50aa61-7c74-4175-a612-dcb4995c9d20/structure/9f15bd3e-0fca-4805-aaa8-d102fc735574	Bupropion	CC(C(=O)C1=CC=CC(=C1)Cl)NC(C)(C)C	CC(NC(C)(C)C)C(=O)c1cccc(Cl)c1					0.056	1 / day	no comment	First order	7.5	pH	20.0	℃	28.8	mL				0.95	0.95	g/L			bottle	100.0	mL								aerob		spiking in solvent	shaking	center of each aeration basin	New York State	
23	https://envipath.org/package/8d3d7ca2-ae4e-4779-a6a2-d3539237c439/scenario/591c4f4a-eb06-4e0f-944e-6821ef435843	https://envipath.org/package/8d3d7ca2-ae4e-4779-a6a2-d3539237c439/compound/4a50aa61-7c74-4175-a612-dcb4995c9d20/structure/9f15bd3e-0fca-4805-aaa8-d102fc735574	Bupropion	CC(C(=O)C1=CC=CC(=C1)Cl)NC(C)(C)C	CC(NC(C)(C)C)C(=O)c1cccc(Cl)c1					2.3	1 / day	no comment	First order	7.3	pH	20.0	℃	28.8	mL				3.49	3.49	g/L			bottle	100.0	mL								aerob		spiking in solvent	shaking	center of each aeration basin	New York State	
24	https://envipath.org/package/8d3d7ca2-ae4e-4779-a6a2-d3539237c439/scenario/3113ed65-8a67-4858-bbca-e8f21daecb6f	https://envipath.org/package/8d3d7ca2-ae4e-4779-a6a2-d3539237c439/compound/4a50aa61-7c74-4175-a612-dcb4995c9d20/structure/9f15bd3e-0fca-4805-aaa8-d102fc735574	Bupropion	CC(C(=O)C1=CC=CC(=C1)Cl)NC(C)(C)C	CC(NC(C)(C)C)C(=O)c1cccc(Cl)c1					0.066	1 / day	no comment	First order	7.5	pH	20.0	℃	28.8	mL				1.02	1.02	g/L			bottle	100.0	mL								aerob		spiking in solvent	shaking	center of each aeration basin	New York State	
25	https://envipath.org/package/8d3d7ca2-ae4e-4779-a6a2-d3539237c439/scenario/259d766f-b0c3-4b18-a460-ec1004fb9e86	https://envipath.org/package/8d3d7ca2-ae4e-4779-a6a2-d3539237c439/compound/832082ac-65ae-4840-a5a0-52bbe9400730/structure/66fe55e6-69cf-47ab-8acd-67f23898de05	Coumarin	C1=CC2=C(C=C1)OC(=O)C=C2	O=c1ccc2ccccc2o1					11.0	1 / day	no comment	First order	7.3	pH	20.0	℃	28.8	mL				3.49	3.49	g/L			bottle	100.0	mL								aerob		spiking in solvent	shaking	center of each aeration basin	New York State	
26	https://envipath.org/package/8d3d7ca2-ae4e-4779-a6a2-d3539237c439/scenario/4149957b-4778-4502-a11a-21390539c6d5	https://envipath.org/package/8d3d7ca2-ae4e-4779-a6a2-d3539237c439/compound/832082ac-65ae-4840-a5a0-52bbe9400730/structure/66fe55e6-69cf-47ab-8acd-67f23898de05	Coumarin	C1=CC2=C(C=C1)OC(=O)C=C2	O=c1ccc2ccccc2o1					4.699999999999999	1 / day	no comment	First order	7.5	pH	20.0	℃	28.8	mL				1.02	1.02	g/L			bottle	100.0	mL								aerob		spiking in solvent	shaking	center of each aeration basin	New York State	
27	https://envipath.org/package/8d3d7ca2-ae4e-4779-a6a2-d3539237c439/scenario/d64ff7aa-40e4-44e5-ad8b-39a04b22059a	https://envipath.org/package/8d3d7ca2-ae4e-4779-a6a2-d3539237c439/compound/832082ac-65ae-4840-a5a0-52bbe9400730/structure/66fe55e6-69cf-47ab-8acd-67f23898de05	Coumarin	C1=CC2=C(C=C1)OC(=O)C=C2	O=c1ccc2ccccc2o1					5.65	1 / day	no comment	First order	7.5	pH	20.0	℃	28.8	mL				0.95	0.95	g/L			bottle	100.0	mL								aerob		spiking in solvent	shaking	center of each aeration basin	New York State	
28	https://envipath.org/package/8d3d7ca2-ae4e-4779-a6a2-d3539237c439/scenario/a190d20f-177a-42fe-9894-e981339e6f5b	https://envipath.org/package/8d3d7ca2-ae4e-4779-a6a2-d3539237c439/compound/891a0519-9ea4-49db-a79b-bce3f2a40e72/structure/0ba3ae93-a4a0-434e-a858-77b29203c0c7	DEET	CCN(CC)C(=O)C1=CC(=CC=C1)C	CCN(CC)C(=O)c1cccc(C)c1					0.095	1 / day	no comment	First order	7.5	pH	20.0	℃	28.8	mL				1.02	1.02	g/L			bottle	100.0	mL								aerob		spiking in solvent	shaking	center of each aeration basin	New York State	
29	https://envipath.org/package/8d3d7ca2-ae4e-4779-a6a2-d3539237c439/scenario/1c953c09-6dd5-49f8-a434-39c36c137d19	https://envipath.org/package/8d3d7ca2-ae4e-4779-a6a2-d3539237c439/compound/891a0519-9ea4-49db-a79b-bce3f2a40e72/structure/0ba3ae93-a4a0-434e-a858-77b29203c0c7	DEET	CCN(CC)C(=O)C1=CC(=CC=C1)C	CCN(CC)C(=O)c1cccc(C)c1					0.38	1 / day	no comment	First order	7.3	pH	20.0	℃	28.8	mL				3.49	3.49	g/L			bottle	100.0	mL								aerob		spiking in solvent	shaking	center of each aeration basin	New York State	
30	https://envipath.org/package/8d3d7ca2-ae4e-4779-a6a2-d3539237c439/scenario/203b3d25-2f81-458a-8fa8-46d2144b652c	https://envipath.org/package/8d3d7ca2-ae4e-4779-a6a2-d3539237c439/compound/891a0519-9ea4-49db-a79b-bce3f2a40e72/structure/0ba3ae93-a4a0-434e-a858-77b29203c0c7	DEET	CCN(CC)C(=O)C1=CC(=CC=C1)C	CCN(CC)C(=O)c1cccc(C)c1					1.24	1 / day	no comment	First order	7.5	pH	20.0	℃	28.8	mL				0.95	0.95	g/L			bottle	100.0	mL								aerob		spiking in solvent	shaking	center of each aeration basin	New York State	
31	https://envipath.org/package/8d3d7ca2-ae4e-4779-a6a2-d3539237c439/scenario/ced753a2-16db-45f9-83e9-01540f202dec	https://envipath.org/package/8d3d7ca2-ae4e-4779-a6a2-d3539237c439/compound/124a0bd9-2ffe-4050-9e95-5430494dc186/structure/202c5433-fb1b-449a-bd95-5b283813559c	Dehydroacetic acid	CC1=CC(=O)C(C(=O)C)C(=O)O1	CC(=O)C1C(=O)C=C(C)OC1=O					0.203	1 / day	no comment	First order	7.5	pH	20.0	℃	28.8	mL				0.95	0.95	g/L			bottle	100.0	mL								aerob		spiking in solvent	shaking	center of each aeration basin	New York State	
32	https://envipath.org/package/8d3d7ca2-ae4e-4779-a6a2-d3539237c439/scenario/3f313fb4-f7d6-489a-acbd-d8b7c2cd7277	https://envipath.org/package/8d3d7ca2-ae4e-4779-a6a2-d3539237c439/compound/124a0bd9-2ffe-4050-9e95-5430494dc186/structure/202c5433-fb1b-449a-bd95-5b283813559c	Dehydroacetic acid	CC1=CC(=O)C(C(=O)C)C(=O)O1	CC(=O)C1C(=O)C=C(C)OC1=O					0.42000000000000004	1 / day	no comment	First order	7.3	pH	20.0	℃	28.8	mL				3.49	3.49	g/L			bottle	100.0	mL								aerob		spiking in solvent	shaking	center of each aeration basin	New York State	
33	https://envipath.org/package/8d3d7ca2-ae4e-4779-a6a2-d3539237c439/scenario/c5dba5ab-4975-4f2a-affb-69ab0e8b4f51	https://envipath.org/package/8d3d7ca2-ae4e-4779-a6a2-d3539237c439/compound/124a0bd9-2ffe-4050-9e95-5430494dc186/structure/202c5433-fb1b-449a-bd95-5b283813559c	Dehydroacetic acid	CC1=CC(=O)C(C(=O)C)C(=O)O1	CC(=O)C1C(=O)C=C(C)OC1=O					0.12000000000000001	1 / day	no comment	First order	7.5	pH	20.0	℃	28.8	mL				1.02	1.02	g/L			bottle	100.0	mL								aerob		spiking in solvent	shaking	center of each aeration basin	New York State	
34	https://envipath.org/package/8d3d7ca2-ae4e-4779-a6a2-d3539237c439/scenario/838d6d87-0b92-49a0-86a4-676cc092e88a	https://envipath.org/package/8d3d7ca2-ae4e-4779-a6a2-d3539237c439/compound/20c5e2b4-829a-4405-85c7-9093f360825c/structure/8fb51d88-5743-457d-b376-968add7c5508	Dicamba	COC1=C(C(=CC=C1Cl)Cl)C(=O)O	COc1c(Cl)ccc(Cl)c1C(=O)O					0.026	1 / day	no comment	First order	7.5	pH	20.0	℃	28.8	mL				1.02	1.02	g/L			bottle	100.0	mL								aerob		spiking in solvent	shaking	center of each aeration basin	New York State	
35	https://envipath.org/package/8d3d7ca2-ae4e-4779-a6a2-d3539237c439/scenario/794df501-b415-4d35-8a88-36165522573e	https://envipath.org/package/8d3d7ca2-ae4e-4779-a6a2-d3539237c439/compound/20c5e2b4-829a-4405-85c7-9093f360825c/structure/8fb51d88-5743-457d-b376-968add7c5508	Dicamba	COC1=C(C(=CC=C1Cl)Cl)C(=O)O	COc1c(Cl)ccc(Cl)c1C(=O)O					0.0625	1 / day	no comment	First order	7.5	pH	20.0	℃	28.8	mL				0.95	0.95	g/L			bottle	100.0	mL								aerob		spiking in solvent	shaking	center of each aeration basin	New York State	
36	https://envipath.org/package/8d3d7ca2-ae4e-4779-a6a2-d3539237c439/scenario/af7d3d49-cbd6-4184-ab97-9160515b6633	https://envipath.org/package/8d3d7ca2-ae4e-4779-a6a2-d3539237c439/compound/20c5e2b4-829a-4405-85c7-9093f360825c/structure/8fb51d88-5743-457d-b376-968add7c5508	Dicamba	COC1=C(C(=CC=C1Cl)Cl)C(=O)O	COc1c(Cl)ccc(Cl)c1C(=O)O					0.0165	1 / day	no comment	First order	7.3	pH	20.0	℃	28.8	mL				3.49	3.49	g/L			bottle	100.0	mL								aerob		spiking in solvent	shaking	center of each aeration basin	New York State	
37	https://envipath.org/package/8d3d7ca2-ae4e-4779-a6a2-d3539237c439/scenario/96b4c21f-0061-4d30-91b0-3c58d600956e	https://envipath.org/package/8d3d7ca2-ae4e-4779-a6a2-d3539237c439/compound/4293ccc4-8146-4005-8447-2d076b1167cd/structure/dcb2e50b-758a-41f8-8b63-7e68c38427f7	Diethyl phthalate	CCOC(=O)C1=C(C=CC=C1)C(=O)OCC	CCOC(=O)c1ccccc1C(=O)OCC					8.0	1 / day	no comment	First order	7.3	pH	20.0	℃	28.8	mL				3.49	3.49	g/L			bottle	100.0	mL								aerob		spiking in solvent	shaking	center of each aeration basin	New York State	
38	https://envipath.org/package/8d3d7ca2-ae4e-4779-a6a2-d3539237c439/scenario/965c188e-229a-4a7b-8d6b-e140f09dc574	https://envipath.org/package/8d3d7ca2-ae4e-4779-a6a2-d3539237c439/compound/4293ccc4-8146-4005-8447-2d076b1167cd/structure/dcb2e50b-758a-41f8-8b63-7e68c38427f7	Diethyl phthalate	CCOC(=O)C1=C(C=CC=C1)C(=O)OCC	CCOC(=O)c1ccccc1C(=O)OCC					6.85	1 / day	no comment	First order	7.5	pH	20.0	℃	28.8	mL				0.95	0.95	g/L			bottle	100.0	mL								aerob		spiking in solvent	shaking	center of each aeration basin	New York State	
39	https://envipath.org/package/8d3d7ca2-ae4e-4779-a6a2-d3539237c439/scenario/5b0aa253-1340-4673-b260-8a76f65e994f	https://envipath.org/package/8d3d7ca2-ae4e-4779-a6a2-d3539237c439/compound/4293ccc4-8146-4005-8447-2d076b1167cd/structure/dcb2e50b-758a-41f8-8b63-7e68c38427f7	Diethyl phthalate	CCOC(=O)C1=C(C=CC=C1)C(=O)OCC	CCOC(=O)c1ccccc1C(=O)OCC					2.5999999999999996	1 / day	no comment	First order	7.5	pH	20.0	℃	28.8	mL				1.02	1.02	g/L			bottle	100.0	mL								aerob		spiking in solvent	shaking	center of each aeration basin	New York State	
40	https://envipath.org/package/8d3d7ca2-ae4e-4779-a6a2-d3539237c439/scenario/653b3ccb-cb8c-4025-ad51-13465ee8e8a7	https://envipath.org/package/8d3d7ca2-ae4e-4779-a6a2-d3539237c439/compound/615db7eb-4d29-4b0b-b967-b33e8ade297d/structure/8ac3cd2a-b793-4517-848a-4a5abfdb8d11	Dimethyl phthalate	COC(=O)C1=C(C=CC=C1)C(=O)OC	COC(=O)c1ccccc1C(=O)OC					2.3	1 / day	no comment	First order	7.5	pH	20.0	℃	28.8	mL				1.02	1.02	g/L			bottle	100.0	mL								aerob		spiking in solvent	shaking	center of each aeration basin	New York State	
41	https://envipath.org/package/8d3d7ca2-ae4e-4779-a6a2-d3539237c439/scenario/63458504-0493-454e-95c3-0cd74843c1dc	https://envipath.org/package/8d3d7ca2-ae4e-4779-a6a2-d3539237c439/compound/615db7eb-4d29-4b0b-b967-b33e8ade297d/structure/8ac3cd2a-b793-4517-848a-4a5abfdb8d11	Dimethyl phthalate	COC(=O)C1=C(C=CC=C1)C(=O)OC	COC(=O)c1ccccc1C(=O)OC					5.3	1 / day	no comment	First order	7.3	pH	20.0	℃	28.8	mL				3.49	3.49	g/L			bottle	100.0	mL								aerob		spiking in solvent	shaking	center of each aeration basin	New York State	
42	https://envipath.org/package/8d3d7ca2-ae4e-4779-a6a2-d3539237c439/scenario/b3dbe9dd-e02e-448c-a070-5c7cff8c9a7e	https://envipath.org/package/8d3d7ca2-ae4e-4779-a6a2-d3539237c439/compound/615db7eb-4d29-4b0b-b967-b33e8ade297d/structure/8ac3cd2a-b793-4517-848a-4a5abfdb8d11	Dimethyl phthalate	COC(=O)C1=C(C=CC=C1)C(=O)OC	COC(=O)c1ccccc1C(=O)OC					6.3	1 / day	no comment	First order	7.5	pH	20.0	℃	28.8	mL				0.95	0.95	g/L			bottle	100.0	mL								aerob		spiking in solvent	shaking	center of each aeration basin	New York State	
43	https://envipath.org/package/8d3d7ca2-ae4e-4779-a6a2-d3539237c439/scenario/3f550180-ce60-4e12-85ad-3ebde21bd965	https://envipath.org/package/8d3d7ca2-ae4e-4779-a6a2-d3539237c439/compound/3999b161-0bf0-47e3-892c-e27d927b7a8c/structure/4c38a8ad-e782-4ab0-a666-883968d76b9b	Dimethyl-1,4-cyclohexanedicarboxylate	COC(=O)C1CCC(CC1)C(=O)OC	COC(=O)C1CCC(C(=O)OC)CC1					30.0	1 / day	>	First order	7.5	pH	20.0	℃	28.8	mL				1.02	1.02	g/L			bottle	100.0	mL								aerob		spiking in solvent	shaking	center of each aeration basin	New York State	
44	https://envipath.org/package/8d3d7ca2-ae4e-4779-a6a2-d3539237c439/scenario/4c1e49ff-0a4d-40f8-bb27-a722e6d40ee9	https://envipath.org/package/8d3d7ca2-ae4e-4779-a6a2-d3539237c439/compound/3999b161-0bf0-47e3-892c-e27d927b7a8c/structure/4c38a8ad-e782-4ab0-a666-883968d76b9b	Dimethyl-1,4-cyclohexanedicarboxylate	COC(=O)C1CCC(CC1)C(=O)OC	COC(=O)C1CCC(C(=O)OC)CC1					30.0	1 / day	>	First order	7.5	pH	20.0	℃	28.8	mL				0.95	0.95	g/L			bottle	100.0	mL								aerob		spiking in solvent	shaking	center of each aeration basin	New York State	
45	https://envipath.org/package/8d3d7ca2-ae4e-4779-a6a2-d3539237c439/scenario/c9121741-f011-4e54-81f0-778d30a68d07	https://envipath.org/package/8d3d7ca2-ae4e-4779-a6a2-d3539237c439/compound/3999b161-0bf0-47e3-892c-e27d927b7a8c/structure/4c38a8ad-e782-4ab0-a666-883968d76b9b	Dimethyl-1,4-cyclohexanedicarboxylate	COC(=O)C1CCC(CC1)C(=O)OC	COC(=O)C1CCC(C(=O)OC)CC1					30.0	1 / day	>	First order	7.3	pH	20.0	℃	28.8	mL				3.49	3.49	g/L			bottle	100.0	mL								aerob		spiking in solvent	shaking	center of each aeration basin	New York State	
46	https://envipath.org/package/8d3d7ca2-ae4e-4779-a6a2-d3539237c439/scenario/7ee91b1e-d3b7-4de2-bdbb-f6860e1ff1ae	https://envipath.org/package/8d3d7ca2-ae4e-4779-a6a2-d3539237c439/compound/2b2720af-40e2-458f-aaf0-b24b772fb135/structure/b85f737e-1825-4274-906a-e31773922159	Ethofumesate	CCOC1C(C)(C)C2=CC(=CC=C2O1)OS(=O)(=O)C	CCOC1Oc2ccc(OS(C)(=O)=O)cc2C1(C)C					0.11000000000000001	1 / day	no comment	First order	7.5	pH	20.0	℃	28.8	mL				1.02	1.02	g/L			bottle	100.0	mL								aerob		spiking in solvent	shaking	center of each aeration basin	New York State	
47	https://envipath.org/package/8d3d7ca2-ae4e-4779-a6a2-d3539237c439/scenario/a9987348-104e-4121-bc37-b4777cb38ce0	https://envipath.org/package/8d3d7ca2-ae4e-4779-a6a2-d3539237c439/compound/2b2720af-40e2-458f-aaf0-b24b772fb135/structure/b85f737e-1825-4274-906a-e31773922159	Ethofumesate	CCOC1C(C)(C)C2=CC(=CC=C2O1)OS(=O)(=O)C	CCOC1Oc2ccc(OS(C)(=O)=O)cc2C1(C)C					0.37	1 / day	no comment	First order	7.3	pH	20.0	℃	28.8	mL				3.49	3.49	g/L			bottle	100.0	mL								aerob		spiking in solvent	shaking	center of each aeration basin	New York State	
48	https://envipath.org/package/8d3d7ca2-ae4e-4779-a6a2-d3539237c439/scenario/b5585f6a-10d1-4289-a805-1a4326ed5e45	https://envipath.org/package/8d3d7ca2-ae4e-4779-a6a2-d3539237c439/compound/2b2720af-40e2-458f-aaf0-b24b772fb135/structure/b85f737e-1825-4274-906a-e31773922159	Ethofumesate	CCOC1C(C)(C)C2=CC(=CC=C2O1)OS(=O)(=O)C	CCOC1Oc2ccc(OS(C)(=O)=O)cc2C1(C)C					0.1045	1 / day	no comment	First order	7.5	pH	20.0	℃	28.8	mL				0.95	0.95	g/L			bottle	100.0	mL								aerob		spiking in solvent	shaking	center of each aeration basin	New York State	
49	https://envipath.org/package/8d3d7ca2-ae4e-4779-a6a2-d3539237c439/scenario/7e49b007-c420-4c2f-a952-a11168c662b3	https://envipath.org/package/8d3d7ca2-ae4e-4779-a6a2-d3539237c439/compound/ab01d061-ac35-4cf0-a47f-3423995652fc/structure/1bfa9143-a57d-4d25-ae3a-30d7ccd1f469	Gabapentin lactam	C1CCC2(CC1)CC(=O)NC2	O=C1CC2(CCCCC2)CN1					5.9	1 / day	no comment	First order	7.5	pH	20.0	℃	28.8	mL				0.95	0.95	g/L			bottle	100.0	mL								aerob		spiking in solvent	shaking	center of each aeration basin	New York State	
50	https://envipath.org/package/8d3d7ca2-ae4e-4779-a6a2-d3539237c439/scenario/30447c05-95ab-4e1a-b8d1-0f2636103fd0	https://envipath.org/package/8d3d7ca2-ae4e-4779-a6a2-d3539237c439/compound/ab01d061-ac35-4cf0-a47f-3423995652fc/structure/1bfa9143-a57d-4d25-ae3a-30d7ccd1f469	Gabapentin lactam	C1CCC2(CC1)CC(=O)NC2	O=C1CC2(CCCCC2)CN1					4.1	1 / day	no comment	First order	7.3	pH	20.0	℃	28.8	mL				3.49	3.49	g/L			bottle	100.0	mL								aerob		spiking in solvent	shaking	center of each aeration basin	New York State	
51	https://envipath.org/package/8d3d7ca2-ae4e-4779-a6a2-d3539237c439/scenario/12564fba-860f-4f3a-a553-9c48d445c042	https://envipath.org/package/8d3d7ca2-ae4e-4779-a6a2-d3539237c439/compound/ab01d061-ac35-4cf0-a47f-3423995652fc/structure/1bfa9143-a57d-4d25-ae3a-30d7ccd1f469	Gabapentin lactam	C1CCC2(CC1)CC(=O)NC2	O=C1CC2(CCCCC2)CN1					9.2	1 / day	no comment	First order	7.5	pH	20.0	℃	28.8	mL				1.02	1.02	g/L			bottle	100.0	mL								aerob		spiking in solvent	shaking	center of each aeration basin	New York State	
52	https://envipath.org/package/8d3d7ca2-ae4e-4779-a6a2-d3539237c439/scenario/928a5a87-7bf0-40aa-be01-a9dcb3604f0d	https://envipath.org/package/8d3d7ca2-ae4e-4779-a6a2-d3539237c439/compound/8607b8b3-ee05-40d0-920b-6a766c88ba69/structure/36663d34-4d73-4ab1-9ce2-d067bf72de8c	Gemfibrozil	CC1=CC=C(C)C(=C1)OCCCC(C)(C)C(=O)O	Cc1ccc(C)c(OCCCC(C)(C)C(=O)O)c1					3.3	1 / day	no comment	First order	7.3	pH	20.0	℃	28.8	mL				3.49	3.49	g/L			bottle	100.0	mL								aerob		spiking in solvent	shaking	center of each aeration basin	New York State	
53	https://envipath.org/package/8d3d7ca2-ae4e-4779-a6a2-d3539237c439/scenario/b39109c3-cb02-4c2e-b8c3-c8a083dc1bc1	https://envipath.org/package/8d3d7ca2-ae4e-4779-a6a2-d3539237c439/compound/8607b8b3-ee05-40d0-920b-6a766c88ba69/structure/36663d34-4d73-4ab1-9ce2-d067bf72de8c	Gemfibrozil	CC1=CC=C(C)C(=C1)OCCCC(C)(C)C(=O)O	Cc1ccc(C)c(OCCCC(C)(C)C(=O)O)c1					0.6799999999999999	1 / day	no comment	First order	7.5	pH	20.0	℃	28.8	mL				0.95	0.95	g/L			bottle	100.0	mL								aerob		spiking in solvent	shaking	center of each aeration basin	New York State	
54	https://envipath.org/package/8d3d7ca2-ae4e-4779-a6a2-d3539237c439/scenario/3ade6a54-032d-400d-94d5-8364bedfef0e	https://envipath.org/package/8d3d7ca2-ae4e-4779-a6a2-d3539237c439/compound/8607b8b3-ee05-40d0-920b-6a766c88ba69/structure/36663d34-4d73-4ab1-9ce2-d067bf72de8c	Gemfibrozil	CC1=CC=C(C)C(=C1)OCCCC(C)(C)C(=O)O	Cc1ccc(C)c(OCCCC(C)(C)C(=O)O)c1					1.2999999999999998	1 / day	no comment	First order	7.5	pH	20.0	℃	28.8	mL				1.02	1.02	g/L			bottle	100.0	mL								aerob		spiking in solvent	shaking	center of each aeration basin	New York State	
55	https://envipath.org/package/8d3d7ca2-ae4e-4779-a6a2-d3539237c439/scenario/53679ac1-3098-4ff6-a9c5-ac8790a8ba80	https://envipath.org/package/8d3d7ca2-ae4e-4779-a6a2-d3539237c439/compound/92fbd8b7-f2cf-403c-8410-e556748b5c9c/structure/d5216cf0-7f85-483c-b158-88018ecbd7ae	Gibberellic acid	C=C1CC23CC1(CCC2C45C=CC(C(C)(C4C3C(=O)O)C(=O)O5)O)O	C=C1CC23CC1(O)CCC2C12C=CC(O)C(C)(C(=O)O1)C2C3C(=O)O					0.78	1 / day	no comment	First order	7.5	pH	20.0	℃	28.8	mL				1.02	1.02	g/L			bottle	100.0	mL								aerob		spiking in solvent	shaking	center of each aeration basin	New York State	
56	https://envipath.org/package/8d3d7ca2-ae4e-4779-a6a2-d3539237c439/scenario/c9b2d984-5fd8-421f-84b8-bdee950549b8	https://envipath.org/package/8d3d7ca2-ae4e-4779-a6a2-d3539237c439/compound/92fbd8b7-f2cf-403c-8410-e556748b5c9c/structure/d5216cf0-7f85-483c-b158-88018ecbd7ae	Gibberellic acid	C=C1CC23CC1(CCC2C45C=CC(C(C)(C4C3C(=O)O)C(=O)O5)O)O	C=C1CC23CC1(O)CCC2C12C=CC(O)C(C)(C(=O)O1)C2C3C(=O)O					1.7999999999999998	1 / day	no comment	First order	7.3	pH	20.0	℃	28.8	mL				3.49	3.49	g/L			bottle	100.0	mL								aerob		spiking in solvent	shaking	center of each aeration basin	New York State	
57	https://envipath.org/package/8d3d7ca2-ae4e-4779-a6a2-d3539237c439/scenario/7cd0f2e3-e55b-4bfa-9fe0-903e64b3e97f	https://envipath.org/package/8d3d7ca2-ae4e-4779-a6a2-d3539237c439/compound/92fbd8b7-f2cf-403c-8410-e556748b5c9c/structure/d5216cf0-7f85-483c-b158-88018ecbd7ae	Gibberellic acid	C=C1CC23CC1(CCC2C45C=CC(C(C)(C4C3C(=O)O)C(=O)O5)O)O	C=C1CC23CC1(O)CCC2C12C=CC(O)C(C)(C(=O)O1)C2C3C(=O)O					0.16999999999999998	1 / day	no comment	First order	7.5	pH	20.0	℃	28.8	mL				0.95	0.95	g/L			bottle	100.0	mL								aerob		spiking in solvent	shaking	center of each aeration basin	New York State	
58	https://envipath.org/package/8d3d7ca2-ae4e-4779-a6a2-d3539237c439/scenario/5b41ff25-a4e0-4641-b494-190113160443	https://envipath.org/package/8d3d7ca2-ae4e-4779-a6a2-d3539237c439/compound/543fd508-f2dd-4487-b42f-10aaf03bc838/structure/ffbe7dd6-090b-4c59-99dc-933cdfc2872b	Haloperidol	C(CC(=O)C1=CC=C(C=C1)F)CN2CCC(CC2)(C3=CC=C(C=C3)Cl)O	O=C(CCCN1CCC(O)(c2ccc(Cl)cc2)CC1)c1ccc(F)cc1					2.0	1 / day	no comment	First order	7.5	pH	20.0	℃	28.8	mL				1.02	1.02	g/L			bottle	100.0	mL								aerob		spiking in solvent	shaking	center of each aeration basin	New York State	
59	https://envipath.org/package/8d3d7ca2-ae4e-4779-a6a2-d3539237c439/scenario/0e9b016c-d3f9-4025-b3c6-9dd2a4534f5e	https://envipath.org/package/8d3d7ca2-ae4e-4779-a6a2-d3539237c439/compound/543fd508-f2dd-4487-b42f-10aaf03bc838/structure/ffbe7dd6-090b-4c59-99dc-933cdfc2872b	Haloperidol	C(CC(=O)C1=CC=C(C=C1)F)CN2CCC(CC2)(C3=CC=C(C=C3)Cl)O	O=C(CCCN1CCC(O)(c2ccc(Cl)cc2)CC1)c1ccc(F)cc1					16.0	1 / day	no comment	First order	7.3	pH	20.0	℃	28.8	mL				3.49	3.49	g/L			bottle	100.0	mL								aerob		spiking in solvent	shaking	center of each aeration basin	New York State	
60	https://envipath.org/package/8d3d7ca2-ae4e-4779-a6a2-d3539237c439/scenario/b87672a3-ceda-428c-9556-e19e014885e6	https://envipath.org/package/8d3d7ca2-ae4e-4779-a6a2-d3539237c439/compound/543fd508-f2dd-4487-b42f-10aaf03bc838/structure/ffbe7dd6-090b-4c59-99dc-933cdfc2872b	Haloperidol	C(CC(=O)C1=CC=C(C=C1)F)CN2CCC(CC2)(C3=CC=C(C=C3)Cl)O	O=C(CCCN1CCC(O)(c2ccc(Cl)cc2)CC1)c1ccc(F)cc1					4.4	1 / day	no comment	First order	7.5	pH	20.0	℃	28.8	mL				0.95	0.95	g/L			bottle	100.0	mL								aerob		spiking in solvent	shaking	center of each aeration basin	New York State	
61	https://envipath.org/package/8d3d7ca2-ae4e-4779-a6a2-d3539237c439/scenario/04c7b4bf-40da-408c-9c39-b33abe8a55d8	https://envipath.org/package/8d3d7ca2-ae4e-4779-a6a2-d3539237c439/compound/db9dcac5-7809-499f-8433-1cc6f785af13/structure/cce21e15-5285-4ba2-ad37-e8daf07a5101	Ketamine	CNC1(CCCCC1=O)C2=C(C=CC=C2)Cl	CNC1(c2ccccc2Cl)CCCCC1=O					0.43	1 / day	no comment	First order	7.3	pH	20.0	℃	28.8	mL				3.49	3.49	g/L			bottle	100.0	mL								aerob		spiking in solvent	shaking	center of each aeration basin	New York State	
62	https://envipath.org/package/8d3d7ca2-ae4e-4779-a6a2-d3539237c439/scenario/45687ca3-13dc-47ff-89fd-ba160b57e1cc	https://envipath.org/package/8d3d7ca2-ae4e-4779-a6a2-d3539237c439/compound/db9dcac5-7809-499f-8433-1cc6f785af13/structure/cce21e15-5285-4ba2-ad37-e8daf07a5101	Ketamine	CNC1(CCCCC1=O)C2=C(C=CC=C2)Cl	CNC1(c2ccccc2Cl)CCCCC1=O					0.066	1 / day	no comment	First order	7.5	pH	20.0	℃	28.8	mL				1.02	1.02	g/L			bottle	100.0	mL								aerob		spiking in solvent	shaking	center of each aeration basin	New York State	
63	https://envipath.org/package/8d3d7ca2-ae4e-4779-a6a2-d3539237c439/scenario/777c5a00-c895-4f1d-a184-c732deed5500	https://envipath.org/package/8d3d7ca2-ae4e-4779-a6a2-d3539237c439/compound/db9dcac5-7809-499f-8433-1cc6f785af13/structure/cce21e15-5285-4ba2-ad37-e8daf07a5101	Ketamine	CNC1(CCCCC1=O)C2=C(C=CC=C2)Cl	CNC1(c2ccccc2Cl)CCCCC1=O					0.0925	1 / day	no comment	First order	7.5	pH	20.0	℃	28.8	mL				0.95	0.95	g/L			bottle	100.0	mL								aerob		spiking in solvent	shaking	center of each aeration basin	New York State	
64	https://envipath.org/package/8d3d7ca2-ae4e-4779-a6a2-d3539237c439/scenario/798f78ba-0737-4d27-bcaf-795f91c3b06f	https://envipath.org/package/8d3d7ca2-ae4e-4779-a6a2-d3539237c439/compound/f04af0b4-4a2a-4b6c-ba68-dc1d070d6ffa/structure/29d939f4-6b11-44e8-a8b1-b9337d33e3a1	MCPA	CC1=CC(=CC=C1OCC(=O)O)Cl	Cc1cc(Cl)ccc1OCC(=O)O					0.31	1 / day	no comment	First order	7.5	pH	20.0	℃	28.8	mL				0.95	0.95	g/L			bottle	100.0	mL								aerob		spiking in solvent	shaking	center of each aeration basin	New York State	
65	https://envipath.org/package/8d3d7ca2-ae4e-4779-a6a2-d3539237c439/scenario/e5453bd7-6de7-47e8-bf40-6c037396e3ca	https://envipath.org/package/8d3d7ca2-ae4e-4779-a6a2-d3539237c439/compound/f04af0b4-4a2a-4b6c-ba68-dc1d070d6ffa/structure/29d939f4-6b11-44e8-a8b1-b9337d33e3a1	MCPA	CC1=CC(=CC=C1OCC(=O)O)Cl	Cc1cc(Cl)ccc1OCC(=O)O					0.11	1 / day	no comment	First order	7.5	pH	20.0	℃	28.8	mL				1.02	1.02	g/L			bottle	100.0	mL								aerob		spiking in solvent	shaking	center of each aeration basin	New York State	
66	https://envipath.org/package/8d3d7ca2-ae4e-4779-a6a2-d3539237c439/scenario/c437b84a-dd95-43b0-af9c-7293550eade9	https://envipath.org/package/8d3d7ca2-ae4e-4779-a6a2-d3539237c439/compound/f04af0b4-4a2a-4b6c-ba68-dc1d070d6ffa/structure/29d939f4-6b11-44e8-a8b1-b9337d33e3a1	MCPA	CC1=CC(=CC=C1OCC(=O)O)Cl	Cc1cc(Cl)ccc1OCC(=O)O					0.16	1 / day	no comment	First order	7.3	pH	20.0	℃	28.8	mL				3.49	3.49	g/L			bottle	100.0	mL								aerob		spiking in solvent	shaking	center of each aeration basin	New York State	
67	https://envipath.org/package/8d3d7ca2-ae4e-4779-a6a2-d3539237c439/scenario/a2ed2a38-4207-4f09-bd21-bd85523c506c	https://envipath.org/package/8d3d7ca2-ae4e-4779-a6a2-d3539237c439/compound/f64742d7-8473-42cd-80b8-5fc90ca4ed30/structure/bd810510-ef58-4bf6-8b18-b428c6ad4075	Malaoxon	CCOC(=O)CC(C(=O)OCC)SP(=O)(OC)OC	CCOC(=O)CC(SP(=O)(OC)OC)C(=O)OCC					1.9	1 / day	no comment	First order	7.5	pH	20.0	℃	28.8	mL				1.02	1.02	g/L			bottle	100.0	mL								aerob		spiking in solvent	shaking	center of each aeration basin	New York State	
68	https://envipath.org/package/8d3d7ca2-ae4e-4779-a6a2-d3539237c439/scenario/5fd1723f-d06f-409c-8403-cc5e5bed9301	https://envipath.org/package/8d3d7ca2-ae4e-4779-a6a2-d3539237c439/compound/f64742d7-8473-42cd-80b8-5fc90ca4ed30/structure/bd810510-ef58-4bf6-8b18-b428c6ad4075	Malaoxon	CCOC(=O)CC(C(=O)OCC)SP(=O)(OC)OC	CCOC(=O)CC(SP(=O)(OC)OC)C(=O)OCC					1.06	1 / day	no comment	First order	7.5	pH	20.0	℃	28.8	mL				0.95	0.95	g/L			bottle	100.0	mL								aerob		spiking in solvent	shaking	center of each aeration basin	New York State	
69	https://envipath.org/package/8d3d7ca2-ae4e-4779-a6a2-d3539237c439/scenario/2cc10378-ce05-4901-9c25-086618a33cef	https://envipath.org/package/8d3d7ca2-ae4e-4779-a6a2-d3539237c439/compound/f64742d7-8473-42cd-80b8-5fc90ca4ed30/structure/bd810510-ef58-4bf6-8b18-b428c6ad4075	Malaoxon	CCOC(=O)CC(C(=O)OCC)SP(=O)(OC)OC	CCOC(=O)CC(SP(=O)(OC)OC)C(=O)OCC					7.4	1 / day	no comment	First order	7.3	pH	20.0	℃	28.8	mL				3.49	3.49	g/L			bottle	100.0	mL								aerob		spiking in solvent	shaking	center of each aeration basin	New York State	
70	https://envipath.org/package/8d3d7ca2-ae4e-4779-a6a2-d3539237c439/scenario/4504382a-5016-4107-91cc-f1a2b0d2e6c2	https://envipath.org/package/8d3d7ca2-ae4e-4779-a6a2-d3539237c439/compound/effe7551-dd61-4d87-92ca-a3fba941a0d4/structure/e0cb8962-2f0b-4ecb-b75f-022e23e06d5e	Mecoprop	CC1=CC(=CC=C1OC(C)C(=O)O)Cl	Cc1cc(Cl)ccc1OC(C)C(=O)O					0.036000000000000004	1 / day	no comment	First order	7.5	pH	20.0	℃	28.8	mL				1.02	1.02	g/L			bottle	100.0	mL								aerob		spiking in solvent	shaking	center of each aeration basin	New York State	
71	https://envipath.org/package/8d3d7ca2-ae4e-4779-a6a2-d3539237c439/scenario/af9a8d0a-9ba5-47f8-b37d-6f57259ee362	https://envipath.org/package/8d3d7ca2-ae4e-4779-a6a2-d3539237c439/compound/effe7551-dd61-4d87-92ca-a3fba941a0d4/structure/e0cb8962-2f0b-4ecb-b75f-022e23e06d5e	Mecoprop	CC1=CC(=CC=C1OC(C)C(=O)O)Cl	Cc1cc(Cl)ccc1OC(C)C(=O)O					0.29000000000000004	1 / day	no comment	First order	7.3	pH	20.0	℃	28.8	mL				3.49	3.49	g/L			bottle	100.0	mL								aerob		spiking in solvent	shaking	center of each aeration basin	New York State	
72	https://envipath.org/package/8d3d7ca2-ae4e-4779-a6a2-d3539237c439/scenario/9f6b8989-a777-47c7-bcdf-db1534b23f33	https://envipath.org/package/8d3d7ca2-ae4e-4779-a6a2-d3539237c439/compound/effe7551-dd61-4d87-92ca-a3fba941a0d4/structure/e0cb8962-2f0b-4ecb-b75f-022e23e06d5e	Mecoprop	CC1=CC(=CC=C1OC(C)C(=O)O)Cl	Cc1cc(Cl)ccc1OC(C)C(=O)O					0.0785	1 / day	no comment	First order	7.5	pH	20.0	℃	28.8	mL				0.95	0.95	g/L			bottle	100.0	mL								aerob		spiking in solvent	shaking	center of each aeration basin	New York State	
73	https://envipath.org/package/8d3d7ca2-ae4e-4779-a6a2-d3539237c439/scenario/5ef94ad4-d75f-4030-bdd8-f3c8669c055f	https://envipath.org/package/8d3d7ca2-ae4e-4779-a6a2-d3539237c439/compound/058d62d9-5b82-42b3-9ae9-f920e634b3b3/structure/290b4bb4-2470-4c41-800d-1aea84aeee3d	Methadone	CCC(=O)C(CC(C)N(C)C)(C1=CC=CC=C1)C2=CC=CC=C2	CCC(=O)C(CC(C)N(C)C)(c1ccccc1)c1ccccc1					5.0	1 / day	no comment	First order	7.5	pH	20.0	℃	28.8	mL				1.02	1.02	g/L			bottle	100.0	mL								aerob		spiking in solvent	shaking	center of each aeration basin	New York State	
74	https://envipath.org/package/8d3d7ca2-ae4e-4779-a6a2-d3539237c439/scenario/1d3fa690-6cbe-482e-bb9b-5ce3d27b9ced	https://envipath.org/package/8d3d7ca2-ae4e-4779-a6a2-d3539237c439/compound/058d62d9-5b82-42b3-9ae9-f920e634b3b3/structure/290b4bb4-2470-4c41-800d-1aea84aeee3d	Methadone	CCC(=O)C(CC(C)N(C)C)(C1=CC=CC=C1)C2=CC=CC=C2	CCC(=O)C(CC(C)N(C)C)(c1ccccc1)c1ccccc1					1.045	1 / day	no comment	First order	7.5	pH	20.0	℃	28.8	mL				0.95	0.95	g/L			bottle	100.0	mL								aerob		spiking in solvent	shaking	center of each aeration basin	New York State	
75	https://envipath.org/package/8d3d7ca2-ae4e-4779-a6a2-d3539237c439/scenario/138d2746-d21f-4323-8d5f-bd4e245c9c32	https://envipath.org/package/8d3d7ca2-ae4e-4779-a6a2-d3539237c439/compound/058d62d9-5b82-42b3-9ae9-f920e634b3b3/structure/290b4bb4-2470-4c41-800d-1aea84aeee3d	Methadone	CCC(=O)C(CC(C)N(C)C)(C1=CC=CC=C1)C2=CC=CC=C2	CCC(=O)C(CC(C)N(C)C)(c1ccccc1)c1ccccc1					15.0	1 / day	no comment	First order	7.3	pH	20.0	℃	28.8	mL				3.49	3.49	g/L			bottle	100.0	mL								aerob		spiking in solvent	shaking	center of each aeration basin	New York State	
76	https://envipath.org/package/8d3d7ca2-ae4e-4779-a6a2-d3539237c439/scenario/18320baf-442d-4cef-9b28-679b7c4a9c13	https://envipath.org/package/8d3d7ca2-ae4e-4779-a6a2-d3539237c439/compound/646ee27c-02d4-4314-8a1c-9bd513b92885/structure/aa6c89dd-f217-4f1e-8b46-5ec3cf2800b0	Naproxen	CC(C1=CC2=CC=C(C=C2C=C1)OC)C(=O)O	COc1ccc2cc(C(C)C(=O)O)ccc2c1					3.0	1 / day	no comment	First order	7.5	pH	20.0	℃	28.8	mL				0.95	0.95	g/L			bottle	100.0	mL								aerob		spiking in solvent	shaking	center of each aeration basin	New York State	
77	https://envipath.org/package/8d3d7ca2-ae4e-4779-a6a2-d3539237c439/scenario/25b3194c-cb73-4ca2-8576-b57ba5e47f12	https://envipath.org/package/8d3d7ca2-ae4e-4779-a6a2-d3539237c439/compound/646ee27c-02d4-4314-8a1c-9bd513b92885/structure/aa6c89dd-f217-4f1e-8b46-5ec3cf2800b0	Naproxen	CC(C1=CC2=CC=C(C=C2C=C1)OC)C(=O)O	COc1ccc2cc(C(C)C(=O)O)ccc2c1					2.8	1 / day	no comment	First order	7.5	pH	20.0	℃	28.8	mL				1.02	1.02	g/L			bottle	100.0	mL								aerob		spiking in solvent	shaking	center of each aeration basin	New York State	
78	https://envipath.org/package/8d3d7ca2-ae4e-4779-a6a2-d3539237c439/scenario/882ac80d-69dd-4f83-9892-e54dbbb21716	https://envipath.org/package/8d3d7ca2-ae4e-4779-a6a2-d3539237c439/compound/646ee27c-02d4-4314-8a1c-9bd513b92885/structure/aa6c89dd-f217-4f1e-8b46-5ec3cf2800b0	Naproxen	CC(C1=CC2=CC=C(C=C2C=C1)OC)C(=O)O	COc1ccc2cc(C(C)C(=O)O)ccc2c1					3.3	1 / day	no comment	First order	7.3	pH	20.0	℃	28.8	mL				3.49	3.49	g/L			bottle	100.0	mL								aerob		spiking in solvent	shaking	center of each aeration basin	New York State	
79	https://envipath.org/package/8d3d7ca2-ae4e-4779-a6a2-d3539237c439/scenario/340a5e61-e215-48a0-84f6-7af47d4c3851	https://envipath.org/package/8d3d7ca2-ae4e-4779-a6a2-d3539237c439/compound/d653a794-ffd9-4b90-b49c-56f7d4979555/structure/bc93e8a7-186c-4356-82f7-c83927f23a04	Oxybenzone	COC1=CC=C(C(=C1)O)C(=O)C2=CC=CC=C2	COc1ccc(C(=O)c2ccccc2)c(O)c1					6.7	1 / day	no comment	First order	7.3	pH	20.0	℃	28.8	mL				3.49	3.49	g/L			bottle	100.0	mL								aerob		spiking in solvent	shaking	center of each aeration basin	New York State	
80	https://envipath.org/package/8d3d7ca2-ae4e-4779-a6a2-d3539237c439/scenario/09b1cb0a-8b52-4c47-918b-a1935fd25bbf	https://envipath.org/package/8d3d7ca2-ae4e-4779-a6a2-d3539237c439/compound/d653a794-ffd9-4b90-b49c-56f7d4979555/structure/bc93e8a7-186c-4356-82f7-c83927f23a04	Oxybenzone	COC1=CC=C(C(=C1)O)C(=O)C2=CC=CC=C2	COc1ccc(C(=O)c2ccccc2)c(O)c1					4.35	1 / day	no comment	First order	7.5	pH	20.0	℃	28.8	mL				0.95	0.95	g/L			bottle	100.0	mL								aerob		spiking in solvent	shaking	center of each aeration basin	New York State	
81	https://envipath.org/package/8d3d7ca2-ae4e-4779-a6a2-d3539237c439/scenario/dfe75deb-70c0-4dd7-a800-0e047dd27211	https://envipath.org/package/8d3d7ca2-ae4e-4779-a6a2-d3539237c439/compound/d653a794-ffd9-4b90-b49c-56f7d4979555/structure/bc93e8a7-186c-4356-82f7-c83927f23a04	Oxybenzone	COC1=CC=C(C(=C1)O)C(=O)C2=CC=CC=C2	COc1ccc(C(=O)c2ccccc2)c(O)c1					3.1	1 / day	no comment	First order	7.5	pH	20.0	℃	28.8	mL				1.02	1.02	g/L			bottle	100.0	mL								aerob		spiking in solvent	shaking	center of each aeration basin	New York State	
82	https://envipath.org/package/8d3d7ca2-ae4e-4779-a6a2-d3539237c439/scenario/4a2e3089-b272-4297-bdec-cf0bbe38648f	https://envipath.org/package/8d3d7ca2-ae4e-4779-a6a2-d3539237c439/compound/33be538e-0d91-493f-beb6-c6eba6262375/structure/a041a6a9-cd1f-406c-aec5-574431e8dd27	Phensuximide	CN1C(=O)CC(C2=CC=CC=C2)C1=O	CN1C(=O)CC(c2ccccc2)C1=O					0.069	1 / day	no comment	First order	7.3	pH	20.0	℃	28.8	mL				3.49	3.49	g/L			bottle	100.0	mL								aerob		spiking in solvent	shaking	center of each aeration basin	New York State	
83	https://envipath.org/package/8d3d7ca2-ae4e-4779-a6a2-d3539237c439/scenario/c9dc7cd0-2eaf-44dd-b01b-fcfcc28710bd	https://envipath.org/package/8d3d7ca2-ae4e-4779-a6a2-d3539237c439/compound/33be538e-0d91-493f-beb6-c6eba6262375/structure/a041a6a9-cd1f-406c-aec5-574431e8dd27	Phensuximide	CN1C(=O)CC(C2=CC=CC=C2)C1=O	CN1C(=O)CC(c2ccccc2)C1=O					0.0605	1 / day	no comment	First order	7.5	pH	20.0	℃	28.8	mL				0.95	0.95	g/L			bottle	100.0	mL								aerob		spiking in solvent	shaking	center of each aeration basin	New York State	
84	https://envipath.org/package/8d3d7ca2-ae4e-4779-a6a2-d3539237c439/scenario/cfecc7b6-d859-4bea-b534-00e36313d68d	https://envipath.org/package/8d3d7ca2-ae4e-4779-a6a2-d3539237c439/compound/33be538e-0d91-493f-beb6-c6eba6262375/structure/a041a6a9-cd1f-406c-aec5-574431e8dd27	Phensuximide	CN1C(=O)CC(C2=CC=CC=C2)C1=O	CN1C(=O)CC(c2ccccc2)C1=O					0.0	1 / day	no comment	First order	7.5	pH	20.0	℃	28.8	mL				1.02	1.02	g/L			bottle	100.0	mL								aerob		spiking in solvent	shaking	center of each aeration basin	New York State	
85	https://envipath.org/package/8d3d7ca2-ae4e-4779-a6a2-d3539237c439/scenario/8228ac51-388b-40e0-8764-9263ea809636	https://envipath.org/package/8d3d7ca2-ae4e-4779-a6a2-d3539237c439/compound/8356f803-bd75-4dee-9ba2-5afc48fbc46f/structure/da8de4c1-3556-4ed1-902a-b30b8c804900	Propachlor	CC(C)N(C1=CC=CC=C1)C(=O)CCl	CC(C)N(C(=O)CCl)c1ccccc1					5.199999999999999	1 / day	no comment	First order	7.5	pH	20.0	℃	28.8	mL				0.95	0.95	g/L			bottle	100.0	mL								aerob		spiking in solvent	shaking	center of each aeration basin	New York State	
86	https://envipath.org/package/8d3d7ca2-ae4e-4779-a6a2-d3539237c439/scenario/e1a11025-7f18-479f-ab6d-eaac952aae13	https://envipath.org/package/8d3d7ca2-ae4e-4779-a6a2-d3539237c439/compound/8356f803-bd75-4dee-9ba2-5afc48fbc46f/structure/da8de4c1-3556-4ed1-902a-b30b8c804900	Propachlor	CC(C)N(C1=CC=CC=C1)C(=O)CCl	CC(C)N(C(=O)CCl)c1ccccc1					5.4	1 / day	no comment	First order	7.5	pH	20.0	℃	28.8	mL				1.02	1.02	g/L			bottle	100.0	mL								aerob		spiking in solvent	shaking	center of each aeration basin	New York State	
87	https://envipath.org/package/8d3d7ca2-ae4e-4779-a6a2-d3539237c439/scenario/4681ecbf-dd06-4620-81da-61d3de671346	https://envipath.org/package/8d3d7ca2-ae4e-4779-a6a2-d3539237c439/compound/8356f803-bd75-4dee-9ba2-5afc48fbc46f/structure/da8de4c1-3556-4ed1-902a-b30b8c804900	Propachlor	CC(C)N(C1=CC=CC=C1)C(=O)CCl	CC(C)N(C(=O)CCl)c1ccccc1					16.0	1 / day	no comment	First order	7.3	pH	20.0	℃	28.8	mL				3.49	3.49	g/L			bottle	100.0	mL								aerob		spiking in solvent	shaking	center of each aeration basin	New York State	
88	https://envipath.org/package/8d3d7ca2-ae4e-4779-a6a2-d3539237c439/scenario/0a741fac-e969-4b8b-8202-c68faa20b958	https://envipath.org/package/8d3d7ca2-ae4e-4779-a6a2-d3539237c439/compound/d20d3621-20ce-43b9-aea8-7104a917703f/structure/615f5a99-74d0-4035-84f0-179bbfffb03c	Propachlor ethane sulfonic acid (ESA)	CC(C)N(C1=CC=CC=C1)C(=O)CS(=O)(=O)O	CC(C)N(C(=O)CS(=O)(=O)O)c1ccccc1					0.0	1 / day	no comment	First order	7.3	pH	20.0	℃	28.8	mL				3.49	3.49	g/L			bottle	100.0	mL								aerob		spiking in solvent	shaking	center of each aeration basin	New York State	
89	https://envipath.org/package/8d3d7ca2-ae4e-4779-a6a2-d3539237c439/scenario/fabbac62-6feb-453a-9f00-f3b1f4c491ee	https://envipath.org/package/8d3d7ca2-ae4e-4779-a6a2-d3539237c439/compound/d20d3621-20ce-43b9-aea8-7104a917703f/structure/615f5a99-74d0-4035-84f0-179bbfffb03c	Propachlor ethane sulfonic acid (ESA)	CC(C)N(C1=CC=CC=C1)C(=O)CS(=O)(=O)O	CC(C)N(C(=O)CS(=O)(=O)O)c1ccccc1					0.00685	1 / day	no comment	First order	7.5	pH	20.0	℃	28.8	mL				0.95	0.95	g/L			bottle	100.0	mL								aerob		spiking in solvent	shaking	center of each aeration basin	New York State	
90	https://envipath.org/package/8d3d7ca2-ae4e-4779-a6a2-d3539237c439/scenario/8a7ff447-3d3d-4376-bd24-9ef459e8e5a2	https://envipath.org/package/8d3d7ca2-ae4e-4779-a6a2-d3539237c439/compound/d20d3621-20ce-43b9-aea8-7104a917703f/structure/615f5a99-74d0-4035-84f0-179bbfffb03c	Propachlor ethane sulfonic acid (ESA)	CC(C)N(C1=CC=CC=C1)C(=O)CS(=O)(=O)O	CC(C)N(C(=O)CS(=O)(=O)O)c1ccccc1					0.0	1 / day	no comment	First order	7.5	pH	20.0	℃	28.8	mL				1.02	1.02	g/L			bottle	100.0	mL								aerob		spiking in solvent	shaking	center of each aeration basin	New York State	
91	https://envipath.org/package/8d3d7ca2-ae4e-4779-a6a2-d3539237c439/scenario/6f5c9dc3-96ed-4ea9-813a-56a6cb5685d8	https://envipath.org/package/8d3d7ca2-ae4e-4779-a6a2-d3539237c439/compound/22de61a9-84f6-46ef-9139-1e1cd647b33d/structure/8099b274-91f3-471b-be33-317adcc19695	Propachlor oxalamic acid	CC(C)N(C1=CC=CC=C1)C(=O)C(=O)O	CC(C)N(C(=O)C(=O)O)c1ccccc1					0.011	1 / day	no comment	First order	7.3	pH	20.0	℃	28.8	mL				3.49	3.49	g/L			bottle	100.0	mL								aerob		spiking in solvent	shaking	center of each aeration basin	New York State	
92	https://envipath.org/package/8d3d7ca2-ae4e-4779-a6a2-d3539237c439/scenario/21e38413-e54e-458e-a800-3f40f15e80ba	https://envipath.org/package/8d3d7ca2-ae4e-4779-a6a2-d3539237c439/compound/22de61a9-84f6-46ef-9139-1e1cd647b33d/structure/8099b274-91f3-471b-be33-317adcc19695	Propachlor oxalamic acid	CC(C)N(C1=CC=CC=C1)C(=O)C(=O)O	CC(C)N(C(=O)C(=O)O)c1ccccc1					0.0	1 / day	no comment	First order	7.5	pH	20.0	℃	28.8	mL				1.02	1.02	g/L			bottle	100.0	mL								aerob		spiking in solvent	shaking	center of each aeration basin	New York State	
93	https://envipath.org/package/8d3d7ca2-ae4e-4779-a6a2-d3539237c439/scenario/c8055092-3c6c-4106-9697-02d842d3ac4f	https://envipath.org/package/8d3d7ca2-ae4e-4779-a6a2-d3539237c439/compound/22de61a9-84f6-46ef-9139-1e1cd647b33d/structure/8099b274-91f3-471b-be33-317adcc19695	Propachlor oxalamic acid	CC(C)N(C1=CC=CC=C1)C(=O)C(=O)O	CC(C)N(C(=O)C(=O)O)c1ccccc1					0.0077	1 / day	no comment	First order	7.5	pH	20.0	℃	28.8	mL				0.95	0.95	g/L			bottle	100.0	mL								aerob		spiking in solvent	shaking	center of each aeration basin	New York State	
94	https://envipath.org/package/8d3d7ca2-ae4e-4779-a6a2-d3539237c439/scenario/e4f15df4-bebf-4b77-b1de-350b1fa38ab5	https://envipath.org/package/8d3d7ca2-ae4e-4779-a6a2-d3539237c439/compound/bbe0325c-22da-45c7-97c9-6e2b61e83e68/structure/59d9519f-5ace-4d36-85a9-9bd1072eaca6	Pseudoephedrine	CC(C(C1=CC=CC=C1)O)NC	CNC(C)C(O)c1ccccc1					0.060000000000000005	1 / day	no comment	First order	7.5	pH	20.0	℃	28.8	mL				1.02	1.02	g/L			bottle	100.0	mL								aerob		spiking in solvent	shaking	center of each aeration basin	New York State	
95	https://envipath.org/package/8d3d7ca2-ae4e-4779-a6a2-d3539237c439/scenario/92d9aa48-278b-4d06-bd43-4bdb4f4f0443	https://envipath.org/package/8d3d7ca2-ae4e-4779-a6a2-d3539237c439/compound/bbe0325c-22da-45c7-97c9-6e2b61e83e68/structure/59d9519f-5ace-4d36-85a9-9bd1072eaca6	Pseudoephedrine	CC(C(C1=CC=CC=C1)O)NC	CNC(C)C(O)c1ccccc1					1.2999999999999998	1 / day	no comment	First order	7.3	pH	20.0	℃	28.8	mL				3.49	3.49	g/L			bottle	100.0	mL								aerob		spiking in solvent	shaking	center of each aeration basin	New York State	
96	https://envipath.org/package/8d3d7ca2-ae4e-4779-a6a2-d3539237c439/scenario/db56ea0b-ce93-4cab-85d8-7151a8c1fcb6	https://envipath.org/package/8d3d7ca2-ae4e-4779-a6a2-d3539237c439/compound/bbe0325c-22da-45c7-97c9-6e2b61e83e68/structure/59d9519f-5ace-4d36-85a9-9bd1072eaca6	Pseudoephedrine	CC(C(C1=CC=CC=C1)O)NC	CNC(C)C(O)c1ccccc1					0.036500000000000005	1 / day	no comment	First order	7.5	pH	20.0	℃	28.8	mL				0.95	0.95	g/L			bottle	100.0	mL								aerob		spiking in solvent	shaking	center of each aeration basin	New York State	
97	https://envipath.org/package/8d3d7ca2-ae4e-4779-a6a2-d3539237c439/scenario/9d56c38c-b551-4b18-8f00-cecbdd30097a	https://envipath.org/package/8d3d7ca2-ae4e-4779-a6a2-d3539237c439/compound/34035d82-6206-4e02-99a7-df3c059e3a59/structure/2ecb1983-42d2-4a22-bad5-57b7a8c2ee25	Ritalinic acid	C1=CC=C(C=C1)C(C2CCCCN2)C(=O)O	O=C(O)C(c1ccccc1)C1CCCCN1					0.08499999999999999	1 / day	no comment	First order	7.5	pH	20.0	℃	28.8	mL				1.02	1.02	g/L			bottle	100.0	mL								aerob		spiking in solvent	shaking	center of each aeration basin	New York State	
98	https://envipath.org/package/8d3d7ca2-ae4e-4779-a6a2-d3539237c439/scenario/278477e8-8840-41a2-826a-5f41dfedf1d9	https://envipath.org/package/8d3d7ca2-ae4e-4779-a6a2-d3539237c439/compound/34035d82-6206-4e02-99a7-df3c059e3a59/structure/2ecb1983-42d2-4a22-bad5-57b7a8c2ee25	Ritalinic acid	C1=CC=C(C=C1)C(C2CCCCN2)C(=O)O	O=C(O)C(c1ccccc1)C1CCCCN1					0.75	1 / day	no comment	First order	7.3	pH	20.0	℃	28.8	mL				3.49	3.49	g/L			bottle	100.0	mL								aerob		spiking in solvent	shaking	center of each aeration basin	New York State	
99	https://envipath.org/package/8d3d7ca2-ae4e-4779-a6a2-d3539237c439/scenario/31bdb91a-df6d-4501-8ebe-bbb1bcb6f00d	https://envipath.org/package/8d3d7ca2-ae4e-4779-a6a2-d3539237c439/compound/34035d82-6206-4e02-99a7-df3c059e3a59/structure/2ecb1983-42d2-4a22-bad5-57b7a8c2ee25	Ritalinic acid	C1=CC=C(C=C1)C(C2CCCCN2)C(=O)O	O=C(O)C(c1ccccc1)C1CCCCN1					0.038	1 / day	no comment	First order	7.5	pH	20.0	℃	28.8	mL				0.95	0.95	g/L			bottle	100.0	mL								aerob		spiking in solvent	shaking	center of each aeration basin	New York State	
100	https://envipath.org/package/8d3d7ca2-ae4e-4779-a6a2-d3539237c439/scenario/749a727b-a7cb-45fc-9a46-918c1ebe12dc	https://envipath.org/package/8d3d7ca2-ae4e-4779-a6a2-d3539237c439/compound/9abea2f8-6f01-4779-803a-74348f391a49/structure/a3b991a0-ef94-4392-8481-3f27c3cb1e91	Serotonin	C1=CC2=C(C=C1O)C(=CN2)CCN	NCCc1c[nH]c2ccc(O)cc12					30.0	1 / day	>	First order	7.5	pH	20.0	℃	28.8	mL				1.02	1.02	g/L			bottle	100.0	mL								aerob		spiking in solvent	shaking	center of each aeration basin	New York State	
101	https://envipath.org/package/8d3d7ca2-ae4e-4779-a6a2-d3539237c439/scenario/221f7738-e7b8-42e9-8944-44fa6065b36d	https://envipath.org/package/8d3d7ca2-ae4e-4779-a6a2-d3539237c439/compound/9abea2f8-6f01-4779-803a-74348f391a49/structure/a3b991a0-ef94-4392-8481-3f27c3cb1e91	Serotonin	C1=CC2=C(C=C1O)C(=CN2)CCN	NCCc1c[nH]c2ccc(O)cc12					30.0	1 / day	>	First order	7.5	pH	20.0	℃	28.8	mL				0.95	0.95	g/L			bottle	100.0	mL								aerob		spiking in solvent	shaking	center of each aeration basin	New York State	
102	https://envipath.org/package/8d3d7ca2-ae4e-4779-a6a2-d3539237c439/scenario/7d41ee55-3dbc-49e4-b821-94bfcc4c472b	https://envipath.org/package/8d3d7ca2-ae4e-4779-a6a2-d3539237c439/compound/9abea2f8-6f01-4779-803a-74348f391a49/structure/a3b991a0-ef94-4392-8481-3f27c3cb1e91	Serotonin	C1=CC2=C(C=C1O)C(=CN2)CCN	NCCc1c[nH]c2ccc(O)cc12					30.0	1 / day	>	First order	7.3	pH	20.0	℃	28.8	mL				3.49	3.49	g/L			bottle	100.0	mL								aerob		spiking in solvent	shaking	center of each aeration basin	New York State	
103	https://envipath.org/package/8d3d7ca2-ae4e-4779-a6a2-d3539237c439/scenario/c9f0b28a-fda0-4a54-bf5f-6eb2112bb76d	https://envipath.org/package/8d3d7ca2-ae4e-4779-a6a2-d3539237c439/compound/8d7e7955-f5d4-4bc4-8aa0-f9b298c6419f/structure/ef2ce12a-f5f8-47d4-b15d-a5a17e517277	Sertraline	CNC1CCC(C2=CC=C(C(=C2)Cl)Cl)C3=C1C=CC=C3	CNC1CCC(c2ccc(Cl)c(Cl)c2)c2ccccc21					10.549999999999999	1 / day	no comment	First order	7.5	pH	20.0	℃	28.8	mL				0.95	0.95	g/L			bottle	100.0	mL								aerob		spiking in solvent	shaking	center of each aeration basin	New York State	
104	https://envipath.org/package/8d3d7ca2-ae4e-4779-a6a2-d3539237c439/scenario/3e2bcbbd-0ac7-4d3e-bce3-a346660aa412	https://envipath.org/package/8d3d7ca2-ae4e-4779-a6a2-d3539237c439/compound/8d7e7955-f5d4-4bc4-8aa0-f9b298c6419f/structure/ef2ce12a-f5f8-47d4-b15d-a5a17e517277	Sertraline	CNC1CCC(C2=CC=C(C(=C2)Cl)Cl)C3=C1C=CC=C3	CNC1CCC(c2ccc(Cl)c(Cl)c2)c2ccccc21					16.0	1 / day	no comment	First order	7.5	pH	20.0	℃	28.8	mL				1.02	1.02	g/L			bottle	100.0	mL								aerob		spiking in solvent	shaking	center of each aeration basin	New York State	
105	https://envipath.org/package/8d3d7ca2-ae4e-4779-a6a2-d3539237c439/scenario/0a5e8df9-0f89-43a4-bfe2-a652987e3f84	https://envipath.org/package/8d3d7ca2-ae4e-4779-a6a2-d3539237c439/compound/ea0aa93e-d314-4188-b4d5-a41511786a23/structure/44e44af1-5b76-4f52-bcda-f3f6ceed95f4	Sucralose	C(C1C(C(C(CCl)(O1)OC2C(C(C(C(CO)O2)Cl)O)O)O)O)Cl	OCC1OC(OC2(CCl)OC(CCl)C(O)C2O)C(O)C(O)C1Cl					0.024	1 / day	no comment	First order	7.5	pH	20.0	℃	28.8	mL				0.95	0.95	g/L			bottle	100.0	mL								aerob		spiking in solvent	shaking	center of each aeration basin	New York State	
106	https://envipath.org/package/8d3d7ca2-ae4e-4779-a6a2-d3539237c439/scenario/8424c9bd-2580-429c-9ea3-201594bce919	https://envipath.org/package/8d3d7ca2-ae4e-4779-a6a2-d3539237c439/compound/ea0aa93e-d314-4188-b4d5-a41511786a23/structure/44e44af1-5b76-4f52-bcda-f3f6ceed95f4	Sucralose	C(C1C(C(C(CCl)(O1)OC2C(C(C(C(CO)O2)Cl)O)O)O)O)Cl	OCC1OC(OC2(CCl)OC(CCl)C(O)C2O)C(O)C(O)C1Cl					0.1	1 / day	no comment	First order	7.5	pH	20.0	℃	28.8	mL				1.02	1.02	g/L			bottle	100.0	mL								aerob		spiking in solvent	shaking	center of each aeration basin	New York State	
107	https://envipath.org/package/8d3d7ca2-ae4e-4779-a6a2-d3539237c439/scenario/93a849d8-196f-4c9b-91fa-dadbaba31826	https://envipath.org/package/8d3d7ca2-ae4e-4779-a6a2-d3539237c439/compound/ea0aa93e-d314-4188-b4d5-a41511786a23/structure/44e44af1-5b76-4f52-bcda-f3f6ceed95f4	Sucralose	C(C1C(C(C(CCl)(O1)OC2C(C(C(C(CO)O2)Cl)O)O)O)O)Cl	OCC1OC(OC2(CCl)OC(CCl)C(O)C2O)C(O)C(O)C1Cl					0.14	1 / day	no comment	First order	7.3	pH	20.0	℃	28.8	mL				3.49	3.49	g/L			bottle	100.0	mL								aerob		spiking in solvent	shaking	center of each aeration basin	New York State	
108	https://envipath.org/package/8d3d7ca2-ae4e-4779-a6a2-d3539237c439/scenario/53851efa-d988-43e5-97c6-e5bac082e755	https://envipath.org/package/8d3d7ca2-ae4e-4779-a6a2-d3539237c439/compound/cefab113-90f1-4917-ac03-dad572a7daa1/structure/19b7d951-e9a0-48a1-a8aa-ad627425feaf	Trinexapac ethyl	CCOC(=O)C1CC(=O)/C(=C(\C2CC2)/O)/C(=O)C1	CCOC(=O)C1CC(=O)C(=C(O)C2CC2)C(=O)C1					3.3	1 / day	no comment	First order	7.5	pH	20.0	℃	28.8	mL				1.02	1.02	g/L			bottle	100.0	mL								aerob		spiking in solvent	shaking	center of each aeration basin	New York State	
109	https://envipath.org/package/8d3d7ca2-ae4e-4779-a6a2-d3539237c439/scenario/da8f3730-0211-42ce-aee5-e8752938b434	https://envipath.org/package/8d3d7ca2-ae4e-4779-a6a2-d3539237c439/compound/cefab113-90f1-4917-ac03-dad572a7daa1/structure/19b7d951-e9a0-48a1-a8aa-ad627425feaf	Trinexapac ethyl	CCOC(=O)C1CC(=O)/C(=C(\C2CC2)/O)/C(=O)C1	CCOC(=O)C1CC(=O)C(=C(O)C2CC2)C(=O)C1					9.0	1 / day	no comment	First order	7.3	pH	20.0	℃	28.8	mL				3.49	3.49	g/L			bottle	100.0	mL								aerob		spiking in solvent	shaking	center of each aeration basin	New York State	
110	https://envipath.org/package/8d3d7ca2-ae4e-4779-a6a2-d3539237c439/scenario/c002f170-704f-4abd-ae86-f97ee0b5cc6d	https://envipath.org/package/8d3d7ca2-ae4e-4779-a6a2-d3539237c439/compound/cefab113-90f1-4917-ac03-dad572a7daa1/structure/19b7d951-e9a0-48a1-a8aa-ad627425feaf	Trinexapac ethyl	CCOC(=O)C1CC(=O)/C(=C(\C2CC2)/O)/C(=O)C1	CCOC(=O)C1CC(=O)C(=C(O)C2CC2)C(=O)C1					9.415	1 / day	no comment	First order	7.5	pH	20.0	℃	28.8	mL				0.95	0.95	g/L			bottle	100.0	mL								aerob		spiking in solvent	shaking	center of each aeration basin	New York State	
111	https://envipath.org/package/8d3d7ca2-ae4e-4779-a6a2-d3539237c439/scenario/7be86fb9-8ab2-45db-b587-2a799d3e8c9d	https://envipath.org/package/8d3d7ca2-ae4e-4779-a6a2-d3539237c439/compound/d87df3ab-ce74-4eaa-8598-e661578b288f/structure/3b5391c0-d4f6-4171-91e5-33dd0041475c	Warfarin	CC(=O)CC(C1=CC=CC=C1)C2=C(C3=CC=CC=C3OC2=O)O	CC(=O)CC(c1ccccc1)c1c(O)c2ccccc2oc1=O					0.0545	1 / day	no comment	First order	7.5	pH	20.0	℃	28.8	mL				0.95	0.95	g/L			bottle	100.0	mL								aerob		spiking in solvent	shaking	center of each aeration basin	New York State	
112	https://envipath.org/package/8d3d7ca2-ae4e-4779-a6a2-d3539237c439/scenario/3c39cb4a-c87a-4027-b3c2-54ab527301c5	https://envipath.org/package/8d3d7ca2-ae4e-4779-a6a2-d3539237c439/compound/d87df3ab-ce74-4eaa-8598-e661578b288f/structure/3b5391c0-d4f6-4171-91e5-33dd0041475c	Warfarin	CC(=O)CC(C1=CC=CC=C1)C2=C(C3=CC=CC=C3OC2=O)O	CC(=O)CC(c1ccccc1)c1c(O)c2ccccc2oc1=O					0.1	1 / day	no comment	First order	7.5	pH	20.0	℃	28.8	mL				1.02	1.02	g/L			bottle	100.0	mL								aerob		spiking in solvent	shaking	center of each aeration basin	New York State	
113	https://envipath.org/package/8d3d7ca2-ae4e-4779-a6a2-d3539237c439/scenario/b400ae21-5162-4bc3-8da2-a0f9f4a37046	https://envipath.org/package/8d3d7ca2-ae4e-4779-a6a2-d3539237c439/compound/d87df3ab-ce74-4eaa-8598-e661578b288f/structure/3b5391c0-d4f6-4171-91e5-33dd0041475c	Warfarin	CC(=O)CC(C1=CC=CC=C1)C2=C(C3=CC=CC=C3OC2=O)O	CC(=O)CC(c1ccccc1)c1c(O)c2ccccc2oc1=O					0.8300000000000001	1 / day	no comment	First order	7.3	pH	20.0	℃	28.8	mL				3.49	3.49	g/L			bottle	100.0	mL								aerob		spiking in solvent	shaking	center of each aeration basin	New York State	
